   n, insertion_cmp, insertion_swaps, insertion_time, merge_cmp, merge_swaps, merge_time
   0,             0,               0,              1,         0,           0,          0
   1,             0,               0,              0,         0,           0,          0
   2,             1,               0,              0,         0,           0,          5
   3,             3,               2,              1,         0,           1,          1
   4,             4,               2,              1,         1,           2,          0
   5,             5,               2,              1,         2,           3,          1
   6,             6,               2,              1,         2,           4,          1
   7,             7,               2,              1,         2,           6,          0
   8,             8,               2,              1,         3,           8,          0
   9,             9,               2,              1,         4,          10,          0
  10,            10,               2,              1,         6,          12,          0
  11,            11,               2,              1,         6,          14,          0
  12,            13,               3,              2,         8,          16,          1
  13,            14,               3,              1,         9,          18,          1
  14,            15,               3,              1,        10,          20,          1
  15,            16,               3,              1,        10,          23,          1
  16,            17,               3,              2,        11,          26,          1
  17,            19,               4,              1,        12,          29,          1
  18,            20,               4,             31,        14,          32,          2
  19,            21,               4,              2,        15,          35,          1
  20,            23,               5,              1,        17,          38,          1
  21,            25,               6,              1,        19,          41,          1
  22,            26,               6,              2,        22,          44,          1
  23,            27,               6,              2,        22,          47,          4
  24,            28,               6,              2,        23,          50,          1
  25,            29,               6,              2,        25,          53,          1
  26,            31,               7,              2,        27,          56,          1
  27,            33,               8,              2,        28,          59,          1
  28,            36,              10,              3,        31,          62,          5
  29,            37,              10,              2,        32,          65,          4
  30,            38,              10,              2,        34,          68,          3
  31,            40,              11,              3,        34,          72,          2
  32,            41,              11,              2,        37,          76,          1
  33,            42,              11,              2,        36,          80,          2
  34,            43,              11,              2,        38,          84,          1
  35,            45,              12,              2,        39,          88,          2
  36,            46,              12,              2,        43,          92,          2
  37,            47,              12,              2,        43,          96,          1
  38,            48,              12,              2,        46,         100,          1
  39,            49,              12,              2,        47,         104,          2
  40,            51,              13,              2,        49,         108,          2
  41,            52,              13,              2,        51,         112,          2
  42,            53,              13,              3,        54,         116,          2
  43,            54,              13,              3,        56,         120,          2
  44,            55,              13,              3,        60,         124,          2
  45,            56,              13,              3,        63,         128,          3
  46,            57,              13,              3,        66,         132,          3
  47,            59,              14,              3,        66,         136,          5
  48,            61,              15,              4,        67,         140,          8
  49,            62,              15,              3,        68,         144,          2
  50,            63,              15,              3,        70,         148,          3
  51,            65,              16,              4,        71,         152,          2
  52,            67,              17,              3,        75,         156,          5
  53,            70,              19,              3,        78,         160,          2
  54,            73,              21,              3,        80,         164,          2
  55,            74,              21,              4,        81,         168,          5
  56,            75,              21,              4,        83,         172,          4
  57,            76,              21,              4,        85,         176,          6
  58,            77,              21,              4,        88,         180,          4
  59,            78,              21,              4,        91,         184,          3
  60,            79,              21,              4,        95,         188,          3
  61,            80,              21,              4,        97,         192,          4
  62,            81,              21,              4,        99,         196,          8
  63,            82,              21,              4,        99,         201,          4
  64,            84,              22,              5,       100,         206,          3
  65,            85,              22,              4,       101,         211,          3
  66,            86,              22,              4,       104,         216,          4
  67,            87,              22,              4,       107,         221,          5
  68,            89,              23,              4,       105,         226,          3
  69,            92,              25,              4,       109,         231,          4
  70,            96,              28,              6,       112,         236,          3
  71,           100,              31,              5,       113,         241,          3
  72,           101,              31,              5,       114,         246,          4
  73,           102,              31,             15,       115,         251,          5
  74,           103,              31,              5,       120,         256,          3
  75,           104,              31,              6,       124,         261,          5
  76,           105,              31,              5,       125,         266,          4
  77,           106,              31,              5,       128,         271,          3
  78,           108,              32,              5,       132,         276,          5
  79,           111,              34,              5,       133,         281,          5
  80,           112,              34,              6,       136,         286,          3
  81,           113,              34,              5,       138,         291,          4
  82,           114,              34,              5,       138,         296,          4
  83,           116,              35,              5,       140,         301,          3
  84,           117,              35,              6,       146,         306,          8
  85,           120,              37,              5,       148,         311,          5
  86,           124,              40,              6,       155,         316,          4
  87,           125,              40,              6,       156,         321,          5
  88,           126,              40,              6,       156,         326,         10
  89,           127,              40,             11,       159,         331,          6
  90,           128,              40,              6,       163,         336,          3
  91,           130,              41,              6,       168,         341,          5
  92,           131,              41,              7,       174,         346,          4
  93,           132,              41,              6,       179,         351,          5
  94,           133,              41,              6,       181,         356,          3
  95,           134,              41,              6,       181,         361,          6
  96,           135,              41,              6,       180,         366,          5
  97,           139,              44,              7,       182,         371,          5
  98,           144,              48,              6,       184,         376,          4
  99,           145,              48,             12,       185,         381,          5
 100,           146,              48,              7,       186,         386,          4
 101,           147,              48,              7,       188,         391,          6
 102,           148,              48,              7,       196,         396,          4
 103,           149,              48,              2,       198,         401,          5
 104,           150,              48,              1,       197,         406,          6
 105,           151,              48,              1,       201,         411,          9
 106,           152,              48,              1,       203,         416,          8
 107,           154,              49,              1,       204,         421,          5
 108,           156,              50,              1,       207,         426,          6
 109,           160,              53,              1,       211,         431,          6
 110,           163,              55,              1,       217,         436,          7
 111,           164,              55,              2,       218,         441,          5
 112,           165,              55,              2,       219,         446,          6
 113,           167,              56,              1,       221,         451,          6
 114,           169,              57,              2,       223,         456,          6
 115,           173,              60,              2,       224,         461,         24
 116,           174,              60,              2,       226,         466,         14
 117,           175,              60,              2,       231,         471,          6
 118,           176,              60,              2,       236,         476,          7
 119,           179,              62,              2,       237,         481,          7
 120,           180,              62,              3,       239,         486,         13
 121,           181,              62,              3,       245,         491,         14
 122,           182,              62,              3,       250,         496,          7
 123,           183,              62,              2,       255,         501,          7
 124,           184,              62,              2,       257,         506,          8
 125,           185,              62,              3,       263,         511,         15
 126,           186,              62,              2,       264,         516,          8
 127,           187,              62,              2,       264,         522,          8
 128,           188,              62,              2,       261,         528,          7
 129,           191,              64,              2,       265,         534,          7
 130,           192,              64,              2,       266,         540,          8
 131,           193,              64,              2,       270,         546,          7
 132,           194,              64,              2,       269,         552,          8
 133,           196,              65,              2,       270,         558,          8
 134,           197,              65,              2,       275,         564,          7
 135,           198,              65,              2,       276,         570,          8
 136,           199,              65,              4,       283,         576,          9
 137,           200,              65,              2,       287,         582,          8
 138,           201,              65,              2,       285,         588,          7
 139,           202,              65,              2,       286,         594,          7
 140,           203,              65,              2,       288,         600,          9
 141,           204,              65,              2,       294,         606,         16
 142,           205,              65,              2,       295,         612,         10
 143,           208,              67,              2,       296,         618,          7
 144,           209,              67,              2,       300,         624,          8
 145,           210,              67,              3,       301,         630,          8
 146,           212,              68,              2,       302,         636,          7
 147,           213,              68,              2,       304,         642,          8
 148,           214,              68,              2,       306,         648,          9
 149,           215,              68,              2,       308,         654,         12
 150,           217,              69,              2,       317,         660,          8
 151,           219,              70,              3,       319,         666,          8
 152,           220,              70,              2,       323,         672,         10
 153,           221,              70,              2,       327,         678,          8
 154,           222,              70,              2,       329,         684,         16
 155,           223,              70,              4,       332,         690,         16
 156,           224,              70,              4,       334,         696,         17
 157,           225,              70,              4,       335,         702,         16
 158,           226,              70,              3,       345,         708,         15
 159,           228,              71,              2,       347,         714,          8
 160,           229,              71,              2,       347,         720,          8
 161,           230,              71,              2,       349,         726,          9
 162,           232,              72,              2,       350,         732,          8
 163,           233,              72,              2,       352,         738,          8
 164,           234,              72,              4,       357,         744,          9
 165,           236,              73,              3,       358,         750,         10
 166,           239,              75,              2,       364,         756,          9
 167,           243,              78,              2,       366,         762,          9
 168,           248,              82,              2,       370,         768,          9
 169,           249,              82,              3,       372,         774,         11
 170,           250,              82,              4,       374,         780,         17
 171,           251,              82,              5,       377,         786,         18
 172,           252,              82,              4,       383,         792,         19
 173,           253,              82,              5,       388,         798,         19
 174,           254,              82,              3,       396,         804,          9
 175,           256,              83,              3,       396,         810,         14
 176,           257,              83,              3,       397,         816,         12
 177,           258,              83,              4,       399,         822,         15
 178,           260,              84,              5,       400,         828,          9
 179,           261,              84,              3,       406,         834,         14
 180,           262,              84,              7,       407,         840,         31
 181,           263,              84,              5,       412,         846,         18
 182,           264,              84,              3,       419,         852,         11
 183,           265,              84,              5,       422,         858,         16
 184,           267,              85,              3,       429,         864,         10
 185,           269,              86,              4,       437,         870,         17
 186,           272,              88,              5,       438,         876,         18
 187,           274,              89,              5,       443,         882,         17
 188,           275,              89,              5,       446,         888,         18
 189,           276,              89,              5,       451,         894,         27
 190,           277,              89,              4,       459,         900,         11
 191,           279,              90,              5,       459,         906,         15
 192,           282,              92,              5,       460,         912,         18
 193,           286,              95,              5,       460,         918,         17
 194,           291,              99,             14,       461,         924,         26
 195,           292,              99,              5,       461,         930,         19
 196,           293,              99,              5,       461,         936,         19
 197,           294,              99,              5,       464,         942,         20
 198,           295,              99,              6,       466,         948,         16
 199,           296,              99,              3,       471,         954,         12
 200,           297,              99,              5,       474,         960,          9
 201,           298,              99,              3,       476,         966,         10
 202,           300,             100,              3,       474,         972,         10
 203,           301,             100,              3,       475,         978,         10
 204,           302,             100,              3,       482,         984,         10
 205,           303,             100,              3,       486,         990,         10
 206,           305,             101,              3,       496,         996,         10
 207,           306,             101,              3,       497,        1002,          9
 208,           309,             103,              4,       496,        1008,         11
 209,           310,             103,              3,       496,        1014,         11
 210,           311,             103,              3,       496,        1020,         11
 211,           312,             103,              4,       498,        1026,         10
 212,           313,             103,              3,       508,        1032,         11
 213,           314,             103,              3,       510,        1038,         11
 214,           315,             103,              3,       518,        1044,         11
 215,           316,             103,              3,       518,        1050,         11
 216,           317,             103,              3,       516,        1056,         12
 217,           318,             103,              3,       520,        1062,         11
 218,           320,             104,              3,       522,        1068,         11
 219,           321,             104,              3,       527,        1074,         11
 220,           322,             104,              3,       532,        1080,         10
 221,           323,             104,              4,       538,        1086,         10
 222,           326,             106,              3,       541,        1092,         11
 223,           327,             106,              3,       542,        1098,         11
 224,           328,             106,              3,       545,        1104,         12
 225,           330,             107,              3,       544,        1110,         11
 226,           331,             107,              3,       548,        1116,         11
 227,           332,             107,              3,       551,        1122,         16
 228,           333,             107,              5,       550,        1128,         11
 229,           334,             107,              4,       559,        1134,         11
 230,           336,             108,              4,       560,        1140,         11
 231,           339,             110,              3,       562,        1146,         12
 232,           342,             112,              3,       566,        1152,         12
 233,           343,             112,              6,       566,        1158,         18
 234,           344,             112,              3,       567,        1164,         13
 235,           345,             112,              3,       572,        1170,         12
 236,           346,             112,              3,       579,        1176,         12
 237,           347,             112,              3,       583,        1182,         16
 238,           349,             113,              5,       593,        1188,         25
 239,           350,             113,              9,       595,        1194,         25
 240,           351,             113,              6,       592,        1200,         23
 241,           353,             114,              6,       594,        1206,         28
 242,           356,             116,              5,       597,        1212,         21
 243,           357,             116,              6,       599,        1218,         22
 244,           358,             116,              6,       611,        1224,         23
 245,           359,             116,              6,       613,        1230,         24
 246,           361,             117,              6,       619,        1236,         24
 247,           363,             118,              6,       622,        1242,         23
 248,           365,             119,              8,       628,        1248,         25
 249,           366,             119,              6,       633,        1254,         23
 250,           367,             119,              7,       633,        1260,         27
 251,           369,             120,              6,       637,        1266,         32
 252,           370,             120,              4,       645,        1272,         14
 253,           371,             120,              4,       649,        1278,         14
 254,           373,             121,              6,       655,        1284,         47
 255,           375,             122,              6,       656,        1291,         20
 256,           376,             122,              5,       656,        1298,         13
 257,           377,             122,              4,       662,        1305,         13
 258,           379,             123,              7,       655,        1312,         24
 259,           380,             123,              6,       654,        1319,         25
 260,           381,             123,              5,       655,        1326,         15
 261,           382,             123,              4,       660,        1333,         13
 262,           383,             123,              5,       662,        1340,         21
 263,           384,             123,              7,       663,        1347,         27
 264,           385,             123,             22,       669,        1354,         25
 265,           386,             123,              6,       673,        1361,         15
 266,           387,             123,              4,       675,        1368,         15
 267,           388,             123,              4,       673,        1375,         21
 268,           389,             123,              4,       675,        1382,         12
 269,           390,             123,              5,       676,        1389,         13
 270,           391,             123,              5,       686,        1396,         11
 271,           393,             124,              4,       686,        1403,         14
 272,           396,             126,              4,       688,        1410,         11
 273,           398,             127,              4,       690,        1417,         10
 274,           399,             127,              4,       696,        1424,         15
 275,           400,             127,              4,       698,        1431,         11
 276,           402,             128,              4,       702,        1438,         10
 277,           405,             130,              5,       709,        1445,         11
 278,           406,             130,              4,       706,        1452,         11
 279,           407,             130,              5,       708,        1459,         14
 280,           408,             130,              5,       711,        1466,         11
 281,           410,             131,              4,       712,        1473,         13
 282,           411,             131,              4,       717,        1480,         15
 283,           413,             132,              4,       723,        1487,         10
 284,           414,             132,              7,       729,        1494,         18
 285,           415,             132,              7,       733,        1501,         20
 286,           417,             133,              7,       731,        1508,         22
 287,           419,             134,              7,       732,        1515,         18
 288,           422,             136,              7,       730,        1522,         17
 289,           426,             139,              7,       735,        1529,         19
 290,           427,             139,              7,       741,        1536,         22
 291,           428,             139,              9,       745,        1543,         20
 292,           429,             139,              7,       752,        1550,         25
 293,           430,             139,              7,       751,        1557,         20
 294,           431,             139,              7,       748,        1564,         23
 295,           432,             139,              7,       752,        1571,         19
 296,           435,             141,              7,       762,        1578,         20
 297,           436,             141,             18,       763,        1585,         20
 298,           437,             141,              4,       766,        1592,         12
 299,           438,             141,              4,       770,        1599,         11
 300,           439,             141,              4,       768,        1606,         11
 301,           440,             141,              4,       770,        1613,         12
 302,           441,             141,              4,       781,        1620,         12
 303,           443,             142,              4,       783,        1627,         14
 304,           446,             144,              6,       789,        1634,         12
 305,           450,             147,              4,       791,        1641,         11
 306,           451,             147,              4,       793,        1648,         17
 307,           452,             147,              6,       795,        1655,         19
 308,           454,             148,              7,       811,        1662,         20
 309,           455,             148,              7,       811,        1669,         19
 310,           456,             148,              6,       806,        1676,         21
 311,           457,             148,              7,       809,        1683,         18
 312,           458,             148,              7,       818,        1690,         23
 313,           460,             149,              7,       818,        1697,         23
 314,           462,             150,              7,       827,        1704,         25
 315,           463,             150,              9,       831,        1711,         21
 316,           464,             150,              7,       831,        1718,         20
 317,           465,             150,             10,       834,        1725,         19
 318,           467,             151,              8,       848,        1732,         20
 319,           470,             153,              8,       849,        1739,         21
 320,           474,             156,              8,       851,        1746,         20
 321,           475,             156,              8,       850,        1753,         20
 322,           476,             156,              8,       854,        1760,         22
 323,           477,             156,              8,       855,        1767,         20
 324,           478,             156,              5,       861,        1774,         14
 325,           480,             157,              5,       868,        1781,         11
 326,           481,             157,              5,       864,        1788,         13
 327,           482,             157,              5,       864,        1795,         12
 328,           484,             158,              5,       866,        1802,         12
 329,           485,             158,              5,       874,        1809,         12
 330,           486,             158,              5,       880,        1816,         12
 331,           488,             159,              5,       883,        1823,         12
 332,           490,             160,              6,       887,        1830,         12
 333,           494,             163,              5,       884,        1837,         13
 334,           495,             163,              5,       893,        1844,         12
 335,           496,             163,              5,       895,        1851,         12
 336,           497,             163,              7,       897,        1858,         12
 337,           498,             163,              5,       898,        1865,         12
 338,           499,             163,              5,       909,        1872,         13
 339,           500,             163,              5,       908,        1879,         12
 340,           502,             164,              5,       908,        1886,         17
 341,           504,             165,              5,       913,        1893,         13
 342,           505,             165,              5,       927,        1900,         14
 343,           506,             165,              5,       927,        1907,         12
 344,           507,             165,              5,       928,        1914,         13
 345,           510,             167,              5,       932,        1921,         13
 346,           512,             168,              5,       936,        1928,         14
 347,           517,             172,              5,       939,        1935,         14
 348,           518,             172,              6,       947,        1942,         13
 349,           519,             172,              5,       958,        1949,         15
 350,           520,             172,              5,       964,        1956,         13
 351,           522,             173,              5,       965,        1963,         13
 352,           524,             174,              5,       962,        1970,         13
 353,           525,             174,              5,       963,        1977,         12
 354,           526,             174,              5,       977,        1984,         13
 355,           527,             174,              5,       978,        1991,         14
 356,           528,             174,              5,       977,        1998,         13
 357,           530,             175,              5,       978,        2005,         13
 358,           531,             175,              5,       980,        2012,         13
 359,           532,             175,              5,       986,        2019,         15
 360,           533,             175,              5,       990,        2026,         13
 361,           535,             176,              5,      1000,        2033,         14
 362,           538,             178,              7,       999,        2040,         23
 363,           539,             178,              9,      1007,        2047,         23
 364,           543,             181,             11,      1011,        2054,         24
 365,           544,             181,              9,      1015,        2061,         25
 366,           545,             181,              9,      1019,        2068,         25
 367,           546,             181,              9,      1021,        2075,         24
 368,           548,             182,             10,      1028,        2082,         26
 369,           550,             183,              9,      1037,        2089,         27
 370,           551,             183,              9,      1044,        2096,         27
 371,           552,             183,              8,      1048,        2103,         20
 372,           553,             183,             55,      1052,        2110,         20
 373,           555,             184,              8,      1056,        2117,         66
 374,           556,             184,              9,      1061,        2124,         28
 375,           557,             184,             10,      1066,        2131,         22
 376,           559,             185,              8,      1073,        2138,         20
 377,           562,             187,              8,      1079,        2145,         20
 378,           566,             190,             24,      1080,        2152,         21
 379,           568,             191,             10,      1082,        2159,         26
 380,           569,             191,              8,      1089,        2166,         23
 381,           570,             191,             11,      1095,        2173,         25
 382,           572,             192,              8,      1115,        2180,         23
 383,           573,             192,              8,      1115,        2187,         21
 384,           576,             194,              9,      1106,        2194,         21
 385,           577,             194,             10,      1110,        2201,         30
 386,           578,             194,             10,      1106,        2208,         28
 387,           579,             194,              9,      1108,        2215,         24
 388,           580,             194,             10,      1115,        2222,         27
 389,           582,             195,             10,      1114,        2229,         22
 390,           585,             197,             10,      1118,        2236,         25
 391,           586,             197,              8,      1117,        2243,         19
 392,           588,             198,              8,      1120,        2250,         26
 393,           589,             198,             76,      1117,        2257,         25
 394,           590,             198,             11,      1120,        2264,         27
 395,           592,             199,             10,      1124,        2271,         25
 396,           593,             199,             10,      1129,        2278,         26
 397,           594,             199,             10,      1131,        2285,         27
 398,           595,             199,             10,      1136,        2292,         26
 399,           597,             200,             10,      1136,        2299,         27
 400,           598,             200,             10,      1137,        2306,         27
 401,           599,             200,             10,      1138,        2313,         32
 402,           601,             201,             10,      1149,        2320,         32
 403,           603,             202,             10,      1150,        2327,         31
 404,           607,             205,             11,      1156,        2334,         27
 405,           608,             205,             11,      1160,        2341,         29
 406,           609,             205,             54,      1154,        2348,         26
 407,           610,             205,             10,      1155,        2355,         23
 408,           611,             205,             10,      1153,        2362,         28
 409,           612,             205,             11,      1159,        2369,         29
 410,           613,             205,             10,      1169,        2376,         29
 411,           616,             207,             10,      1178,        2383,         32
 412,           620,             210,             10,      1181,        2390,         31
 413,           621,             210,             11,      1180,        2397,         28
 414,           622,             210,             11,      1193,        2404,         30
 415,           623,             210,             11,      1193,        2411,         34
 416,           624,             210,              6,      1191,        2418,         16
 417,           625,             210,              6,      1198,        2425,         16
 418,           626,             210,              7,      1203,        2432,         26
 419,           628,             211,              6,      1203,        2439,         16
 420,           629,             211,             55,      1208,        2446,         16
 421,           630,             211,              6,      1201,        2453,         20
 422,           631,             211,              7,      1205,        2460,         18
 423,           633,             212,              6,      1206,        2467,         16
 424,           634,             212,              8,      1208,        2474,         23
 425,           635,             212,              6,      1215,        2481,         21
 426,           636,             212,              6,      1229,        2488,         17
 427,           637,             212,              6,      1227,        2495,         19
 428,           639,             213,              6,      1232,        2502,         17
 429,           640,             213,              6,      1230,        2509,         16
 430,           641,             213,              6,      1242,        2516,         18
 431,           642,             213,              6,      1245,        2523,         17
 432,           643,             213,            147,      1252,        2530,         19
 433,           645,             214,              7,      1255,        2537,         18
 434,           646,             214,              7,      1249,        2544,         17
 435,           647,             214,              6,      1249,        2551,         17
 436,           648,             214,              6,      1257,        2558,         17
 437,           649,             214,              6,      1262,        2565,         21
 438,           650,             214,              6,      1261,        2572,         22
 439,           651,             214,              6,      1263,        2579,         20
 440,           652,             214,              6,      1278,        2586,         16
 441,           655,             216,              6,      1277,        2593,         18
 442,           656,             216,             10,      1284,        2600,         18
 443,           657,             216,             10,      1287,        2607,         17
 444,           658,             216,              6,      1297,        2614,         18
 445,           659,             216,            309,      1296,        2621,         17
 446,           660,             216,              7,      1305,        2628,         18
 447,           661,             216,              7,      1306,        2635,         18
 448,           662,             216,              7,      1302,        2642,         19
 449,           663,             216,              7,      1307,        2649,         19
 450,           665,             217,              7,      1315,        2656,         21
 451,           668,             219,              6,      1316,        2663,         21
 452,           669,             219,              7,      1315,        2670,         21
 453,           670,             219,              7,      1317,        2677,         17
 454,           671,             219,              7,      1324,        2684,         20
 455,           673,             220,              7,      1326,        2691,         20
 456,           674,             220,              7,      1330,        2698,         19
 457,           675,             220,             77,      1335,        2705,         26
 458,           676,             220,              7,      1334,        2712,         17
 459,           678,             221,              7,      1335,        2719,         19
 460,           680,             222,             10,      1345,        2726,         28
 461,           683,             224,             10,      1346,        2733,         32
 462,           684,             224,             11,      1355,        2740,         37
 463,           685,             224,             11,      1357,        2747,         20
 464,           686,             224,              7,      1352,        2754,         19
 465,           687,             224,              7,      1360,        2761,         18
 466,           688,             224,              7,      1365,        2768,         19
 467,           689,             224,              7,      1366,        2775,         19
 468,           690,             224,              7,      1366,        2782,         19
 469,           691,             224,              8,      1369,        2789,         26
 470,           692,             224,              7,      1373,        2796,         37
 471,           694,             225,              7,      1377,        2803,         34
 472,           696,             226,              7,      1380,        2810,         22
 473,           697,             226,              7,      1383,        2817,         18
 474,           698,             226,              7,      1398,        2824,         19
 475,           699,             226,              7,      1398,        2831,         19
 476,           702,             228,              7,      1405,        2838,         20
 477,           703,             228,              7,      1414,        2845,         19
 478,           704,             228,              7,      1420,        2852,         19
 479,           706,             229,              7,      1422,        2859,         18
 480,           708,             230,              7,      1427,        2866,         19
 481,           712,             233,             67,      1429,        2873,         20
 482,           713,             233,              7,      1427,        2880,         21
 483,           714,             233,             12,      1431,        2887,         24
 484,           716,             234,              7,      1431,        2894,         21
 485,           718,             235,              7,      1437,        2901,         22
 486,           719,             235,              7,      1442,        2908,         20
 487,           720,             235,              7,      1445,        2915,         20
 488,           722,             236,              7,      1444,        2922,         20
 489,           723,             236,              7,      1453,        2929,         20
 490,           724,             236,             11,      1465,        2936,         23
 491,           726,             237,              7,      1468,        2943,         19
 492,           727,             237,             66,      1466,        2950,         22
 493,           729,             238,              7,      1474,        2957,         20
 494,           730,             238,              7,      1482,        2964,         21
 495,           731,             238,              7,      1486,        2971,         23
 496,           732,             238,              8,      1491,        2978,         23
 497,           733,             238,              7,      1493,        2985,         20
 498,           734,             238,              7,      1500,        2992,         20
 499,           736,             239,              7,      1505,        2999,         21
 500,           739,             241,              7,      1515,        3006,         21
 501,           742,             243,              7,      1514,        3013,         19
 502,           743,             243,              7,      1521,        3020,         21
 503,           744,             243,             83,      1523,        3027,         24
 504,           745,             243,              8,      1524,        3034,         24
 505,           746,             243,              7,      1532,        3041,         21
 506,           748,             244,              8,      1539,        3048,         21
 507,           751,             246,              8,      1544,        3055,         21
 508,           752,             246,              8,      1550,        3062,         22
 509,           753,             246,              7,      1558,        3069,         21
 510,           754,             246,              7,      1560,        3076,         22
 511,           755,             246,              7,      1560,        3084,         21
 512,           756,             246,              7,      1566,        3092,         22
 513,           758,             247,              8,      1565,        3100,         20
 514,           760,             248,             48,      1570,        3108,         23
 515,           764,             251,              8,      1572,        3116,         21
 516,           765,             251,              8,      1576,        3124,         22
 517,           766,             251,             10,      1576,        3132,         21
 518,           767,             251,              8,      1569,        3140,         35
 519,           770,             253,             13,      1574,        3148,         38
 520,           771,             253,             13,      1572,        3156,         31
 521,           772,             253,              8,      1570,        3164,         21
 522,           773,             253,              8,      1573,        3172,         22
 523,           775,             254,              8,      1579,        3180,         34
 524,           778,             256,             13,      1587,        3188,         38
 525,           782,             259,             72,      1585,        3196,         39
 526,           783,             259,             13,      1588,        3204,         40
 527,           784,             259,              8,      1587,        3212,         21
 528,           785,             259,              8,      1605,        3220,         23
 529,           786,             259,              8,      1604,        3228,         21
 530,           788,             260,              8,      1602,        3236,         22
 531,           789,             260,              8,      1603,        3244,         21
 532,           790,             260,              8,      1608,        3252,         22
 533,           791,             260,              8,      1613,        3260,         21
 534,           792,             260,              8,      1611,        3268,         21
 535,           793,             260,             37,      1615,        3276,         26
 536,           795,             261,              9,      1619,        3284,         28
 537,           798,             263,             10,      1621,        3292,         32
 538,           799,             263,              8,      1623,        3300,         51
 539,           800,             263,             13,      1628,        3308,         39
 540,           801,             263,             14,      1627,        3316,         39
 541,           802,             263,             14,      1633,        3324,         42
 542,           803,             263,             14,      1645,        3332,         41
 543,           804,             263,             14,      1646,        3340,         42
 544,           805,             263,             13,      1646,        3348,         41
 545,           806,             263,             67,      1646,        3356,         46
 546,           807,             263,             14,      1646,        3364,         28
 547,           809,             264,              8,      1649,        3372,         40
 548,           812,             266,             14,      1650,        3380,         40
 549,           816,             269,             14,      1656,        3388,         41
 550,           821,             273,             14,      1665,        3396,         28
 551,           822,             273,              8,      1665,        3404,         24
 552,           823,             273,             15,      1668,        3412,         44
 553,           824,             273,             14,      1675,        3420,         43
 554,           825,             273,             14,      1677,        3428,         41
 555,           827,             274,             72,      1682,        3436,         42
 556,           828,             274,              5,      1682,        3444,         39
 557,           829,             274,              5,      1691,        3452,         43
 558,           833,             277,              4,      1693,        3460,         37
 559,           834,             277,              3,      1692,        3468,         27
 560,           835,             277,              2,      1696,        3476,         30
 561,           836,             277,              3,      1700,        3484,         27
 562,           837,             277,              5,      1703,        3492,         36
 563,           838,             277,              4,      1700,        3500,         34
 564,           839,             277,              3,      1707,        3508,         32
 565,           840,             277,              3,      1709,        3516,         33
 566,           841,             277,              5,      1720,        3524,         40
 567,           842,             277,              9,      1715,        3532,         47
 568,           843,             277,              5,      1730,        3540,         44
 569,           845,             278,              5,      1734,        3548,         41
 570,           846,             278,              4,      1735,        3556,         35
 571,           847,             278,              5,      1741,        3564,         42
 572,           848,             278,              4,      1750,        3572,         43
 573,           849,             278,              4,      1748,        3580,         45
 574,           850,             278,              4,      1752,        3588,         40
 575,           851,             278,              4,      1753,        3596,         41
 576,           853,             279,              4,      1760,        3604,         42
 577,           855,             280,              4,      1761,        3612,         41
 578,           858,             282,              4,      1753,        3620,         38
 579,           859,             282,              4,      1758,        3628,         42
 580,           860,             282,              4,      1764,        3636,         37
 581,           861,             282,              4,      1764,        3644,         44
 582,           863,             283,              4,      1765,        3652,         39
 583,           864,             283,              4,      1769,        3660,         43
 584,           865,             283,              4,      1781,        3668,         40
 585,           866,             283,              4,      1777,        3676,         42
 586,           869,             285,              4,      1795,        3684,         48
 587,           870,             285,              4,      1797,        3692,         44
 588,           871,             285,              4,      1799,        3700,         41
 589,           872,             285,              4,      1789,        3708,         42
 590,           875,             287,              4,      1799,        3716,         43
 591,           876,             287,              4,      1799,        3724,         44
 592,           877,             287,              4,      1803,        3732,         45
 593,           878,             287,              4,      1803,        3740,         42
 594,           880,             288,              4,      1811,        3748,         43
 595,           882,             289,              4,      1818,        3756,         52
 596,           883,             289,              4,      1822,        3764,         54
 597,           884,             289,              5,      1820,        3772,         46
 598,           885,             289,              5,      1830,        3780,         47
 599,           886,             289,              5,      1831,        3788,         45
 600,           887,             289,              5,      1836,        3796,         44
 601,           888,             289,              5,      1843,        3804,         47
 602,           890,             290,              3,      1839,        3812,         25
 603,           892,             291,              2,      1844,        3820,         47
 604,           896,             294,              5,      1847,        3828,         38
 605,           897,             294,              5,      1846,        3836,         52
 606,           898,             294,              4,      1861,        3844,         42
 607,           899,             294,              4,      1863,        3852,         44
 608,           900,             294,              4,      1869,        3860,         36
 609,           902,             295,              2,      1873,        3868,         25
 610,           903,             295,              2,      1875,        3876,         24
 611,           904,             295,              2,      1878,        3884,         25
 612,           906,             296,              2,      1885,        3892,         25
 613,           907,             296,              2,      1890,        3900,         31
 614,           908,             296,              2,      1891,        3908,         46
 615,           909,             296,              6,      1892,        3916,         48
 616,           910,             296,              4,      1899,        3924,         41
 617,           912,             297,              4,      1904,        3932,         39
 618,           913,             297,              3,      1916,        3940,         35
 619,           914,             297,              3,      1921,        3948,         42
 620,           915,             297,              3,      1917,        3956,         38
 621,           917,             298,              4,      1922,        3964,         44
 622,           918,             298,              3,      1919,        3972,         40
 623,           919,             298,              3,      1922,        3980,         36
 624,           921,             299,              3,      1936,        3988,         40
 625,           922,             299,              3,      1941,        3996,         36
 626,           925,             301,              2,      1943,        4004,         34
 627,           929,             304,              2,      1949,        4012,         35
 628,           930,             304,              3,      1946,        4020,         35
 629,           931,             304,              3,      1957,        4028,         36
 630,           933,             305,              2,      1967,        4036,         35
 631,           934,             305,              2,      1973,        4044,         39
 632,           936,             306,              3,      1970,        4052,         34
 633,           937,             306,              2,      1975,        4060,         35
 634,           938,             306,              3,      1977,        4068,         37
 635,           940,             307,              2,      1983,        4076,         35
 636,           941,             307,              2,      1987,        4084,         36
 637,           945,             310,              2,      2000,        4092,         39
 638,           948,             312,              2,      2011,        4100,         40
 639,           949,             312,              3,      2012,        4108,         42
 640,           950,             312,              3,      2009,        4116,         43
 641,           951,             312,              3,      2016,        4124,         38
 642,           953,             313,              3,      2013,        4132,         36
 643,           954,             313,              3,      2015,        4140,         39
 644,           955,             313,              3,      2020,        4148,         39
 645,           956,             313,              3,      2025,        4156,         41
 646,           958,             314,              3,      2024,        4164,         37
 647,           959,             314,              3,      2026,        4172,         41
 648,           962,             316,              2,      2035,        4180,         36
 649,           967,             320,              3,      2036,        4188,         36
 650,           968,             320,              3,      2039,        4196,         38
 651,           969,             320,              3,      2039,        4204,         46
 652,           971,             321,              3,      2054,        4212,         37
 653,           972,             321,              3,      2053,        4220,         38
 654,           973,             321,              3,      2058,        4228,         37
 655,           975,             322,              3,      2061,        4236,         42
 656,           976,             322,              3,      2055,        4244,         41
 657,           977,             322,              3,      2055,        4252,         42
 658,           979,             323,              3,      2069,        4260,         42
 659,           980,             323,              3,      2074,        4268,         45
 660,           984,             326,              3,      2078,        4276,         37
 661,           986,             327,              3,      2079,        4284,         38
 662,           987,             327,              3,      2084,        4292,         38
 663,           988,             327,              2,      2087,        4300,         39
 664,           989,             327,              3,      2089,        4308,         38
 665,           990,             327,              3,      2100,        4316,         38
 666,           991,             327,              3,      2106,        4324,         38
 667,           992,             327,              2,      2111,        4332,         39
 668,           994,             328,              3,      2101,        4340,         39
 669,           995,             328,              3,      2105,        4348,         41
 670,           996,             328,              3,      2128,        4356,         50
 671,           997,             328,              5,      2130,        4364,         54
 672,           999,             329,              4,      2130,        4372,         49
 673,          1003,             332,              4,      2127,        4380,         38
 674,          1004,             332,              2,      2126,        4388,         39
 675,          1005,             332,              4,      2132,        4396,         47
 676,          1006,             332,              4,      2137,        4404,         33
 677,          1007,             332,              3,      2138,        4412,         41
 678,          1008,             332,              4,      2145,        4420,         43
 679,          1009,             332,              4,      2148,        4428,         45
 680,          1011,             333,              4,      2154,        4436,        299
 681,          1012,             333,              6,      2158,        4444,         51
 682,          1013,             333,              5,      2166,        4452,         48
 683,          1014,             333,              5,      2168,        4460,         48
 684,          1015,             333,              4,      2164,        4468,         47
 685,          1016,             333,              4,      2180,        4476,         49
 686,          1018,             334,              4,      2191,        4484,         47
 687,          1021,             336,              4,      2192,        4492,         51
 688,          1023,             337,              4,      2191,        4500,         60
 689,          1025,             338,              7,      2196,        4508,         60
 690,          1026,             338,              6,      2200,        4516,         50
 691,          1027,             338,              5,      2202,        4524,         51
 692,          1028,             338,              5,      2211,        4532,         48
 693,          1030,             339,              4,      2218,        4540,         48
 694,          1031,             339,              4,      2220,        4548,         47
 695,          1035,             342,              4,      2220,        4556,         49
 696,          1036,             342,              3,      2224,        4564,         43
 697,          1037,             342,              7,      2229,        4572,         44
 698,          1038,             342,              6,      2243,        4580,         40
 699,          1040,             343,              6,      2247,        4588,         49
 700,          1043,             345,              5,      2261,        4596,         57
 701,          1044,             345,              4,      2264,        4604,         58
 702,          1049,             349,              6,      2276,        4612,         52
 703,          1050,             349,              5,      2277,        4620,         50
 704,          1051,             349,              5,      2278,        4628,         49
 705,          1052,             349,              4,      2286,        4636,         44
 706,          1055,             351,              7,      2271,        4644,         55
 707,          1056,             351,              6,      2273,        4652,         53
 708,          1058,             352,              6,      2280,        4660,         58
 709,          1059,             352,              7,      2279,        4668,         57
 710,          1060,             352,              6,      2302,        4676,         47
 711,          1061,             352,              4,      2301,        4684,         35
 712,          1062,             352,              4,      2312,        4692,         41
 713,          1063,             352,              4,      2312,        4700,         43
 714,          1065,             353,              4,      2314,        4708,         43
 715,          1068,             355,              4,      2322,        4716,         47
 716,          1069,             355,              5,      2319,        4724,         41
 717,          1070,             355,              3,      2324,        4732,         38
 718,          1071,             355,              4,      2323,        4740,         57
 719,          1072,             355,              9,      2331,        4748,         49
 720,          1073,             355,              6,      2330,        4756,         35
 721,          1074,             355,              4,      2336,        4764,         30
 722,          1075,             355,              3,      2337,        4772,         28
 723,          1077,             356,              3,      2343,        4780,         29
 724,          1078,             356,              2,      2358,        4788,         29
 725,          1079,             356,              2,      2369,        4796,         33
 726,          1080,             356,              3,      2363,        4804,         39
 727,          1081,             356,              2,      2365,        4812,         30
 728,          1082,             356,              2,      2377,        4820,         28
 729,          1083,             356,              2,      2386,        4828,         29
 730,          1084,             356,              2,      2383,        4836,         29
 731,          1085,             356,              2,      2388,        4844,         29
 732,          1086,             356,              2,      2403,        4852,         29
 733,          1087,             356,              7,      2399,        4860,         46
 734,          1089,             357,              4,      2404,        4868,         37
 735,          1090,             357,              4,      2407,        4876,         52
 736,          1091,             357,              7,      2414,        4884,         53
 737,          1092,             357,              6,      2413,        4892,         52
 738,          1094,             358,              5,      2425,        4900,         51
 739,          1097,             360,              5,      2427,        4908,         51
 740,          1102,             364,              4,      2439,        4916,         50
 741,          1103,             364,              4,      2437,        4924,         51
 742,          1104,             364,              4,      2448,        4932,         51
 743,          1105,             364,              4,      2453,        4940,         51
 744,          1106,             364,              4,      2472,        4948,         50
 745,          1109,             366,              4,      2465,        4956,         52
 746,          1113,             369,              4,      2470,        4964,         51
 747,          1116,             371,              4,      2471,        4972,         52
 748,          1117,             371,              4,      2477,        4980,         51
 749,          1118,             371,              4,      2487,        4988,         52
 750,          1119,             371,              4,      2498,        4996,         52
 751,          1121,             372,              4,      2501,        5004,         52
 752,          1122,             372,              4,      2505,        5012,         51
 753,          1123,             372,              4,      2511,        5020,         53
 754,          1125,             373,              4,      2515,        5028,         51
 755,          1127,             374,              4,      2524,        5036,         52
 756,          1130,             376,              4,      2523,        5044,         70
 757,          1131,             376,              4,      2539,        5052,         55
 758,          1132,             376,              4,      2537,        5060,         64
 759,          1133,             376,              4,      2544,        5068,         42
 760,          1135,             377,              3,      2546,        5076,         42
 761,          1136,             377,              3,      2549,        5084,         43
 762,          1140,             380,              3,      2556,        5092,         42
 763,          1142,             381,              3,      2562,        5100,         44
 764,          1143,             381,              3,      2572,        5108,         42
 765,          1144,             381,              3,      2580,        5116,         43
 766,          1145,             381,              3,      2602,        5124,         42
 767,          1146,             381,              3,      2602,        5132,         45
 768,          1149,             383,              3,      2600,        5140,         43
 769,          1151,             384,              3,      2605,        5148,         43
 770,          1152,             384,              3,      2591,        5156,         44
 771,          1153,             384,              3,      2594,        5164,         53
 772,          1154,             384,              4,      2600,        5172,         45
 773,          1156,             385,              4,      2602,        5180,         45
 774,          1159,             387,              3,      2601,        5188,         43
 775,          1160,             387,              3,      2599,        5196,         46
 776,          1161,             387,              3,      2602,        5204,         43
 777,          1162,             387,              3,      2605,        5212,         52
 778,          1163,             387,              5,      2613,        5220,         54
 779,          1164,             387,              5,      2620,        5228,         54
 780,          1165,             387,              6,      2615,        5236,         47
 781,          1166,             387,              4,      2614,        5244,         47
 782,          1167,             387,              4,      2625,        5252,         51
 783,          1168,             387,              3,      2627,        5260,         44
 784,          1169,             387,              4,      2625,        5268,         52
 785,          1170,             387,              4,      2631,        5276,         46
 786,          1171,             387,              4,      2635,        5284,         46
 787,          1172,             387,              4,      2633,        5292,         53
 788,          1173,             387,              3,      2627,        5300,         51
 789,          1175,             388,              5,      2629,        5308,         49
 790,          1176,             388,              4,      2636,        5316,         61
 791,          1178,             389,              4,      2640,        5324,         72
 792,          1179,             389,              4,      2642,        5332,         49
 793,          1180,             389,              4,      2647,        5340,         54
 794,          1181,             389,              4,      2653,        5348,         51
 795,          1182,             389,              4,      2665,        5356,         56
 796,          1183,             389,              4,      2660,        5364,         54
 797,          1184,             389,              4,      2666,        5372,         47
 798,          1185,             389,              4,      2671,        5380,         55
 799,          1186,             389,              6,      2672,        5388,         50
 800,          1188,             390,              4,      2671,        5396,         55
 801,          1189,             390,              4,      2676,        5404,         58
 802,          1190,             390,              4,      2675,        5412,         56
 803,          1191,             390,              4,      2680,        5420,         57
 804,          1192,             390,              4,      2681,        5428,         63
 805,          1193,             390,              4,      2681,        5436,         55
 806,          1194,             390,              4,      2689,        5444,         58
 807,          1195,             390,              4,      2690,        5452,         56
 808,          1196,             390,              4,      2696,        5460,         58
 809,          1197,             390,              4,      2699,        5468,         57
 810,          1198,             390,              4,      2710,        5476,         57
 811,          1200,             391,              4,      2714,        5484,         57
 812,          1202,             392,              4,      2725,        5492,         58
 813,          1203,             392,              4,      2719,        5500,         57
 814,          1204,             392,              4,      2717,        5508,         67
 815,          1206,             393,              4,      2721,        5516,         59
 816,          1208,             394,              4,      2714,        5524,         63
 817,          1210,             395,              4,      2724,        5532,         56
 818,          1215,             399,              5,      2727,        5540,         68
 819,          1216,             399,              5,      2726,        5548,         60
 820,          1217,             399,              5,      2731,        5556,         57
 821,          1218,             399,              5,      2734,        5564,         59
 822,          1219,             399,              5,      2745,        5572,         57
 823,          1220,             399,              5,      2747,        5580,         59
 824,          1221,             399,              5,      2766,        5588,         60
 825,          1222,             399,              5,      2765,        5596,         57
 826,          1223,             399,              4,      2774,        5604,         68
 827,          1225,             400,              5,      2776,        5612,         57
 828,          1228,             402,              6,      2769,        5620,         60
 829,          1230,             403,              5,      2778,        5628,         58
 830,          1231,             403,              5,      2794,        5636,         62
 831,          1232,             403,              5,      2796,        5644,         59
 832,          1233,             403,              5,      2799,        5652,         59
 833,          1234,             403,              5,      2800,        5660,         63
 834,          1235,             403,              5,      2794,        5668,         65
 835,          1236,             403,              5,      2798,        5676,         65
 836,          1240,             406,              5,      2805,        5684,         59
 837,          1241,             406,              3,      2809,        5692,         42
 838,          1242,             406,              3,      2814,        5700,         37
 839,          1243,             406,              3,      2816,        5708,         44
 840,          1244,             406,              3,      2821,        5716,         44
 841,          1245,             406,              3,      2824,        5724,         35
 842,          1246,             406,              5,      2831,        5732,         50
 843,          1247,             406,              3,      2829,        5740,         35
 844,          1248,             406,              3,      2821,        5748,         37
 845,          1249,             406,              3,      2828,        5756,         41
 846,          1250,             406,              3,      2837,        5764,         44
 847,          1251,             406,              3,      2840,        5772,         42
 848,          1252,             406,              2,      2837,        5780,         36
 849,          1253,             406,              2,      2836,        5788,         37
 850,          1255,             407,              3,      2846,        5796,         53
 851,          1256,             407,              4,      2850,        5804,         52
 852,          1257,             407,              5,      2849,        5812,         42
 853,          1259,             408,              3,      2858,        5820,         42
 854,          1260,             408,              3,      2871,        5828,         43
 855,          1261,             408,              3,      2875,        5836,         38
 856,          1262,             408,              3,      2881,        5844,         35
 857,          1264,             409,              3,      2887,        5852,         40
 858,          1266,             410,              3,      2887,        5860,         37
 859,          1268,             411,              3,      2891,        5868,         36
 860,          1270,             412,              3,      2886,        5876,         35
 861,          1271,             412,              3,      2890,        5884,         40
 862,          1272,             412,              3,      2911,        5892,         42
 863,          1273,             412,              3,      2913,        5900,         49
 864,          1274,             412,              3,      2916,        5908,         47
 865,          1276,             413,              3,      2922,        5916,         39
 866,          1278,             414,              3,      2923,        5924,         38
 867,          1282,             417,              3,      2927,        5932,         40
 868,          1283,             417,              3,      2928,        5940,         37
 869,          1284,             417,              3,      2933,        5948,         37
 870,          1285,             417,              4,      2937,        5956,         36
 871,          1286,             417,              3,      2939,        5964,         37
 872,          1288,             418,              3,      2937,        5972,         36
 873,          1289,             418,              3,      2945,        5980,         37
 874,          1290,             418,              3,      2945,        5988,         39
 875,          1291,             418,              2,      2949,        5996,         38
 876,          1292,             418,              3,      2954,        6004,         37
 877,          1294,             419,              3,      2965,        6012,         37
 878,          1296,             420,             15,      2967,        6020,         59
 879,          1297,             420,              3,      2969,        6028,         37
 880,          1298,             420,              3,      2972,        6036,         41
 881,          1300,             421,              3,      2977,        6044,         54
 882,          1301,             421,              4,      2993,        6052,         55
 883,          1302,             421,              5,      2995,        6060,         39
 884,          1303,             421,              3,      2991,        6068,         38
 885,          1305,             422,              3,      2993,        6076,         44
 886,          1306,             422,              3,      3007,        6084,         38
 887,          1307,             422,              3,      3010,        6092,         40
 888,          1308,             422,              3,      3015,        6100,         37
 889,          1309,             422,              3,      3019,        6108,         37
 890,          1310,             422,              3,      3037,        6116,         37
 891,          1311,             422,              3,      3040,        6124,         49
 892,          1312,             422,              3,      3034,        6132,         39
 893,          1313,             422,              3,      3043,        6140,         65
 894,          1315,             423,              5,      3055,        6148,         62
 895,          1317,             424,              7,      3056,        6156,         60
 896,          1320,             426,              7,      3057,        6164,         70
 897,          1321,             426,              7,      3062,        6172,         64
 898,          1322,             426,              7,      3052,        6180,         54
 899,          1324,             427,              6,      3052,        6188,         73
 900,          1325,             427,              9,      3061,        6196,         79
 901,          1326,             427,              9,      3065,        6204,         71
 902,          1327,             427,              9,      3078,        6212,         67
 903,          1329,             428,              5,      3084,        6220,         42
 904,          1330,             428,              6,      3082,        6228,         71
 905,          1331,             428,              8,      3089,        6236,         72
 906,          1332,             428,              8,      3077,        6244,         79
 907,          1333,             428,              9,      3085,        6252,         85
 908,          1334,             428,              9,      3088,        6260,         74
 909,          1337,             430,              8,      3091,        6268,         69
 910,          1341,             433,              7,      3103,        6276,         67
 911,          1342,             433,              7,      3106,        6284,         65
 912,          1343,             433,              7,      3103,        6292,         69
 913,          1345,             434,              8,      3108,        6300,         71
 914,          1346,             434,              7,      3114,        6308,         78
 915,          1347,             434,              7,      3113,        6316,         69
 916,          1348,             434,              6,      3123,        6324,         70
 917,          1349,             434,              6,      3127,        6332,         69
 918,          1350,             434,              6,      3132,        6340,         70
 919,          1352,             435,              6,      3132,        6348,         69
 920,          1353,             435,              6,      3132,        6356,         86
 921,          1354,             435,              7,      3139,        6364,         81
 922,          1356,             436,              8,      3140,        6372,         65
 923,          1357,             436,              8,      3145,        6380,         69
 924,          1358,             436,              8,      3154,        6388,         71
 925,          1359,             436,              8,      3153,        6396,         75
 926,          1361,             437,              8,      3168,        6404,         72
 927,          1362,             437,              8,      3170,        6412,         72
 928,          1363,             437,              8,      3176,        6420,         76
 929,          1364,             437,              8,      3176,        6428,         68
 930,          1367,             439,              8,      3172,        6436,         83
 931,          1371,             442,              9,      3174,        6444,         86
 932,          1372,             442,              9,      3187,        6452,         76
 933,          1373,             442,              8,      3190,        6460,         80
 934,          1375,             443,              8,      3193,        6468,         75
 935,          1376,             443,              8,      3195,        6476,         74
 936,          1377,             443,              8,      3197,        6484,         73
 937,          1378,             443,              8,      3196,        6492,        118
 938,          1379,             443,              9,      3201,        6500,         75
 939,          1380,             443,              8,      3203,        6508,         74
 940,          1382,             444,              8,      3214,        6516,         73
 941,          1385,             446,              9,      3215,        6524,         76
 942,          1388,             448,              8,      3230,        6532,         72
 943,          1389,             448,              7,      3231,        6540,         82
 944,          1390,             448,              6,      3229,        6548,         64
 945,          1392,             449,              5,      3232,        6556,         54
 946,          1393,             449,              9,      3233,        6564,         78
 947,          1394,             449,              7,      3240,        6572,         75
 948,          1396,             450,              8,      3247,        6580,         62
 949,          1398,             451,              5,      3248,        6588,         47
 950,          1399,             451,              4,      3270,        6596,         42
 951,          1400,             451,              4,      3274,        6604,         41
 952,          1401,             451,              6,      3271,        6612,         78
 953,          1402,             451,              7,      3281,        6620,         67
 954,          1403,             451,              8,      3281,        6628,         49
 955,          1404,             451,              5,      3286,        6636,         44
 956,          1406,             452,              4,      3302,        6644,         43
 957,          1407,             452,              4,      3310,        6652,         52
 958,          1409,             453,              5,      3314,        6660,         71
 959,          1410,             453,              7,      3314,        6668,         74
 960,          1411,             453,              8,      3319,        6676,         62
 961,          1412,             453,              8,      3319,        6684,         71
 962,          1413,             453,              8,      3322,        6692,         69
 963,          1414,             453,              7,      3326,        6700,         68
 964,          1415,             453,              8,      3333,        6708,         59
 965,          1416,             453,              5,      3347,        6716,         42
 966,          1417,             453,              4,      3337,        6724,         43
 967,          1418,             453,              4,      3340,        6732,         54
 968,          1420,             454,              5,      3350,        6740,         72
 969,          1422,             455,              4,      3348,        6748,         42
 970,          1424,             456,              4,      3343,        6756,         41
 971,          1425,             456,              4,      3348,        6764,         47
 972,          1426,             456,              5,      3361,        6772,         49
 973,          1428,             457,              3,      3364,        6780,         38
 974,          1429,             457,              3,      3373,        6788,         59
 975,          1431,             458,              6,      3376,        6796,         60
 976,          1432,             458,              6,      3374,        6804,         60
 977,          1433,             458,              7,      3385,        6812,         60
 978,          1434,             458,              6,      3378,        6820,         58
 979,          1436,             459,              6,      3385,        6828,         60
 980,          1437,             459,              7,      3394,        6836,         58
 981,          1441,             462,              7,      3406,        6844,         49
 982,          1442,             462,              6,      3413,        6852,         58
 983,          1443,             462,              7,      3418,        6860,         61
 984,          1444,             462,              7,      3420,        6868,         58
 985,          1446,             463,              6,      3426,        6876,         68
 986,          1447,             463,              6,      3425,        6884,         61
 987,          1448,             463,              6,      3431,        6892,         58
 988,          1449,             463,              6,      3443,        6900,         62
 989,          1450,             463,              6,      3450,        6908,         58
 990,          1451,             463,              7,      3450,        6916,         61
 991,          1452,             463,              7,      3452,        6924,         59
 992,          1453,             463,              6,      3461,        6932,         58
 993,          1455,             464,              6,      3466,        6940,         57
 994,          1456,             464,              7,      3480,        6948,         57
 995,          1457,             464,              5,      3483,        6956,        137
 996,          1458,             464,              8,      3479,        6964,        127
 997,          1459,             464,              9,      3479,        6972,         64
 998,          1460,             464,              8,      3493,        6980,         59
 999,          1463,             466,              8,      3499,        6988,         68
1000,          1465,             467,              8,      3507,        6996,         62
